{
  "prepare_queue": {
    "installed": [],
    "uninstalled": []
  },
  "config_munge": {
    "files": {
      "config.xml": {
        "parents": {
          "/*": [
            {
              "xml": "<preference name=\"loadUrlTimeoutValue\" value=\"60000\" />",
              "count": 1
            },
            {
              "xml": "<feature name=\"HotCodePush\"><param name=\"android-package\" value=\"com.nordnetab.chcp.main.HotCodePushPlugin\" /><param name=\"onload\" value=\"true\" /></feature>",
              "count": 1
            },
            {
              "xml": "<feature name=\"SplashScreen\"><param name=\"android-package\" value=\"org.apache.cordova.splashscreen.SplashScreen\" /><param name=\"onload\" value=\"true\" /></feature>",
              "count": 1
            },
            {
              "xml": "<feature name=\"PushNotification\"><param name=\"android-package\" value=\"com.adobe.phonegap.push.PushPlugin\" /></feature>",
              "count": 1
            },
            {
              "xml": "<feature name=\"WebViewPlugin\"><param name=\"android-package\" value=\"com.webview.WebViewPlugin\" /></feature>",
              "count": 1
            },
            {
              "xml": "<feature name=\"AdMob\"><param name=\"android-package\" value=\"com.rjfun.cordova.admob.AdMobPlugin\" /><param name=\"onload\" value=\"true\" /></feature>",
              "count": 1
            },
            {
              "xml": "<feature name=\"AppVersion\"><param name=\"android-package\" value=\"uk.co.whiteoctober.cordova.AppVersion\" /></feature>",
              "count": 1
            },
            {
              "xml": "<feature name=\"BarcodeScanner\"><param name=\"android-package\" value=\"com.phonegap.plugins.barcodescanner.BarcodeScanner\" /></feature>",
              "count": 1
            },
            {
              "xml": "<feature name=\"Clipboard\"><param name=\"android-package\" value=\"com.verso.cordova.clipboard.Clipboard\" /></feature>",
              "count": 1
            },
            {
              "xml": "<feature name=\"Device\"><param name=\"android-package\" value=\"org.apache.cordova.device.Device\" /></feature>",
              "count": 1
            },
            {
              "xml": "<feature name=\"File\"><param name=\"android-package\" value=\"org.apache.cordova.file.FileUtils\" /><param name=\"onload\" value=\"true\" /></feature>",
              "count": 1
            },
            {
              "xml": "<allow-navigation href=\"cdvfile:*\" />",
              "count": 1
            },
            {
              "xml": "<feature name=\"GeofencePlugin\"><param name=\"android-package\" value=\"com.cowbell.cordova.geofence.GeofencePlugin\" /></feature>",
              "count": 1
            },
            {
              "xml": "<feature name=\"Geolocation\"><param name=\"android-package\" value=\"org.apache.cordova.geolocation.Geolocation\" /></feature>",
              "count": 1
            },
            {
              "xml": "<feature name=\"InAppBrowser\"><param name=\"android-package\" value=\"org.apache.cordova.inappbrowser.InAppBrowser\" /></feature>",
              "count": 1
            },
            {
              "xml": "<feature name=\"Keyboard\"><param name=\"android-package\" value=\"io.ionic.keyboard.IonicKeyboard\" /><param name=\"onload\" value=\"true\" /></feature>",
              "count": 1
            },
            {
              "xml": "<feature name=\"SocialSharing\"><param name=\"android-package\" value=\"nl.xservices.plugins.SocialSharing\" /></feature>",
              "count": 1
            },
            {
              "xml": "<feature name=\"StatusBar\"><param name=\"android-package\" value=\"org.apache.cordova.statusbar.StatusBar\" /><param name=\"onload\" value=\"true\" /></feature>",
              "count": 1
            },
            {
              "xml": "<feature name=\"Whitelist\"><param name=\"android-package\" value=\"org.apache.cordova.whitelist.WhitelistPlugin\" /><param name=\"onload\" value=\"true\" /></feature>",
              "count": 1
            },
            {
              "xml": "<feature name=\"LocalNotification\"><param name=\"android-package\" value=\"de.appplant.cordova.plugin.localnotification.LocalNotification\" /></feature>",
              "count": 1
            },
            {
              "xml": "<feature name=\"OfflineMode\"><param name=\"android-package\" value=\"com.appsmobilecompany.base.OfflineMode\" /><param name=\"onload\" value=\"true\" /></feature>",
              "count": 1
            },
            {
              "xml": "<feature name=\"Insomnia\"><param name=\"android-package\" value=\"nl.xservices.plugins.Insomnia\" /></feature>",
              "count": 1
            },
            {
              "xml": "<feature name=\"MusicControls\"><param name=\"android-package\" value=\"com.homerours.musiccontrols.MusicControls\" /></feature>",
              "count": 1
            }
          ]
        }
      },
      "app/src/main/AndroidManifest.xml": {
        "parents": {
          "/manifest": [
            {
              "xml": "<uses-permission android:name=\"android.permission.INTERNET\" />",
              "count": 2
            },
            {
              "xml": "<uses-permission android:name=\"android.permission.ACCESS_NETWORK_STATE\" />",
              "count": 2
            },
            {
              "xml": "<uses-permission android:name=\"android.permission.ACCESS_WIFI_STATE\" />",
              "count": 1
            },
            {
              "xml": "<uses-permission android:name=\"android.permission.WRITE_EXTERNAL_STORAGE\" />",
              "count": 2
            },
            {
              "xml": "<uses-permission android:name=\"android.permission.WAKE_LOCK\" />",
              "count": 1
            },
            {
              "xml": "<uses-permission android:name=\"android.permission.VIBRATE\" />",
              "count": 1
            },
            {
              "xml": "<uses-permission android:name=\"android.permission.RECEIVE_BOOT_COMPLETED\" />",
              "count": 1
            }
          ],
          "/manifest/application": [
            {
              "xml": "<activity android:exported=\"true\" android:name=\"com.adobe.phonegap.push.PushHandlerActivity\" android:permission=\"${applicationId}.permission.PushHandlerActivity\" />",
              "count": 1
            },
            {
              "xml": "<receiver android:name=\"com.adobe.phonegap.push.BackgroundActionButtonHandler\" />",
              "count": 1
            },
            {
              "xml": "<receiver android:name=\"com.adobe.phonegap.push.PushDismissedHandler\" />",
              "count": 1
            },
            {
              "xml": "<service android:name=\"com.adobe.phonegap.push.FCMService\"><intent-filter><action android:name=\"com.google.firebase.MESSAGING_EVENT\" /></intent-filter></service>",
              "count": 1
            },
            {
              "xml": "<service android:name=\"com.adobe.phonegap.push.PushInstanceIDListenerService\"><intent-filter><action android:name=\"com.google.firebase.INSTANCE_ID_EVENT\" /></intent-filter></service>",
              "count": 1
            },
            {
              "xml": "<service android:name=\"com.homerours.musiccontrols.MusicControlsNotificationKiller\" />",
              "count": 1
            }
          ],
          "/*": [
            {
              "xml": "<uses-permission android:name=\"android.permission.WRITE_EXTERNAL_STORAGE\" />",
              "count": 1
            },
            {
              "xml": "<uses-permission android:name=\"android.permission.ACCESS_COARSE_LOCATION\" />",
              "count": 1
            },
            {
              "xml": "<uses-permission android:name=\"android.permission.ACCESS_FINE_LOCATION\" />",
              "count": 1
            },
            {
              "xml": "<uses-feature android:name=\"android.hardware.location.gps\" android:required=\"false\" />",
              "count": 1
            },
            {
              "xml": "<uses-permission android:name=\"android.permission.READ_EXTERNAL_STORAGE\" />",
              "count": 1
            }
          ]
        }
      },
      "AndroidManifest.xml": {
        "parents": {
          "/manifest/application": [
            {
              "xml": "<activity android:configChanges=\"orientation|keyboardHidden|keyboard|screenSize|locale\" android:exported=\"true\" android:label=\"@string/activity_name\" android:launchMode=\"standard\" android:name=\"com.webview.WebViewActivity\" android:theme=\"@android:style/Theme.DeviceDefault.NoActionBar\" android:windowSoftInputMode=\"adjustResize\"></activity>",
              "count": 1
            },
            {
              "xml": "<activity android:configChanges=\"keyboard|keyboardHidden|orientation|screenLayout|uiMode|screenSize|smallestScreenSize\" android:name=\"com.google.android.gms.ads.AdActivity\" android:theme=\"@android:style/Theme.Translucent\" />",
              "count": 1
            },
            {
              "xml": "<activity android:clearTaskOnLaunch=\"true\" android:configChanges=\"orientation|keyboardHidden|screenSize\" android:exported=\"false\" android:name=\"com.google.zxing.client.android.CaptureActivity\" android:theme=\"@android:style/Theme.NoTitleBar.Fullscreen\" android:windowSoftInputMode=\"stateAlwaysHidden\" />",
              "count": 1
            },
            {
              "xml": "<activity android:label=\"Share\" android:name=\"com.google.zxing.client.android.encode.EncodeActivity\" />",
              "count": 1
            },
            {
              "xml": "<service android:exported=\"false\" android:label=\"@string/app_name\" android:name=\"com.cowbell.cordova.geofence.ReceiveTransitionsIntentService\"></service>",
              "count": 1
            },
            {
              "xml": "<receiver android:name=\"com.cowbell.cordova.geofence.BootReceiver\"><intent-filter><action android:name=\"android.intent.action.BOOT_COMPLETED\" /></intent-filter></receiver>",
              "count": 1
            },
            {
              "xml": "<provider android:authorities=\"${applicationId}.sharing.provider\" android:exported=\"false\" android:grantUriPermissions=\"true\" android:name=\"nl.xservices.plugins.FileProvider\"><meta-data android:name=\"android.support.FILE_PROVIDER_PATHS\" android:resource=\"@xml/sharing_paths\" /></provider>",
              "count": 1
            },
            {
              "xml": "<receiver android:exported=\"false\" android:name=\"de.appplant.cordova.plugin.localnotification.TriggerReceiver\" />",
              "count": 1
            },
            {
              "xml": "<receiver android:exported=\"false\" android:name=\"de.appplant.cordova.plugin.localnotification.ClearReceiver\" />",
              "count": 1
            },
            {
              "xml": "<activity android:exported=\"false\" android:launchMode=\"singleInstance\" android:name=\"de.appplant.cordova.plugin.localnotification.ClickActivity\" android:theme=\"@android:style/Theme.NoDisplay\" />",
              "count": 1
            },
            {
              "xml": "<receiver android:exported=\"false\" android:name=\"de.appplant.cordova.plugin.notification.TriggerReceiver\" />",
              "count": 1
            },
            {
              "xml": "<receiver android:exported=\"false\" android:name=\"de.appplant.cordova.plugin.notification.ClearReceiver\" />",
              "count": 1
            },
            {
              "xml": "<receiver android:exported=\"false\" android:name=\"de.appplant.cordova.plugin.localnotification.RestoreReceiver\"><intent-filter><action android:name=\"android.intent.action.BOOT_COMPLETED\" /></intent-filter></receiver>",
              "count": 1
            },
            {
              "xml": "<activity android:exported=\"false\" android:launchMode=\"singleInstance\" android:name=\"de.appplant.cordova.plugin.notification.ClickActivity\" android:theme=\"@android:style/Theme.NoDisplay\" />",
              "count": 1
            }
          ],
          "/*": [
            {
              "xml": "<uses-permission android:name=\"android.permission.INTERNET\" />",
              "count": 1
            },
            {
              "xml": "<uses-permission android:name=\"android.permission.ACCESS_NETWORK_STATE\" />",
              "count": 1
            },
            {
              "xml": "<uses-permission android:name=\"android.permission.WRITE_EXTERNAL_STORAGE\" />",
              "count": 2
            }
          ],
          "/manifest": [
            {
              "xml": "<uses-permission android:name=\"android.permission.CAMERA\" />",
              "count": 1
            },
            {
              "xml": "<uses-permission android:name=\"android.permission.FLASHLIGHT\" />",
              "count": 1
            },
            {
              "xml": "<uses-feature android:name=\"android.hardware.camera\" android:required=\"true\" />",
              "count": 1
            },
            {
              "xml": "<uses-permission android:name=\"android.permission.RECEIVE_BOOT_COMPLETED\" />",
              "count": 1
            },
            {
              "xml": "<uses-permission android:name=\"android.permission.ACCESS_COARSE_LOCATION\" />",
              "count": 1
            },
            {
              "xml": "<uses-permission android:name=\"android.permission.ACCESS_FINE_LOCATION\" />",
              "count": 1
            },
            {
              "xml": "<uses-permission android:name=\"android.permission.VIBRATE\" />",
              "count": 1
            },
            {
              "xml": "<uses-permission android:name=\"android.permission.INTERNET\" />",
              "count": 1
            }
          ],
          "application": [
            {
              "xml": "<provider android:authorities=\"${applicationId}.provider\" android:exported=\"false\" android:grantUriPermissions=\"true\" android:name=\"org.apache.cordova.camera.FileProvider\"><meta-data android:name=\"android.support.FILE_PROVIDER_PATHS\" android:resource=\"@xml/camera_provider_paths\" /></provider>",
              "count": 1
            }
          ],
          "/*/application": [
            {
              "xml": "<receiver android:enabled=\"true\" android:name=\"nl.xservices.plugins.ShareChooserPendingIntent\"><intent-filter><action android:name=\"android.intent.action.SEND\" /></intent-filter></receiver>",
              "count": 1
            }
          ]
        }
      },
      "res/xml/config.xml": {
        "parents": {
          "/*": [
            {
              "xml": "<feature name=\"Camera\"><param name=\"android-package\" value=\"org.apache.cordova.camera.CameraLauncher\" /></feature>",
              "count": 1
            }
          ]
        }
      }
    }
  },
  "installed_plugins": {
    "Extension": {
      "PACKAGE_NAME": "com.appsmobilecompany.base"
    },
    "Chcp": {
      "PACKAGE_NAME": "com.appsmobilecompany.base"
    },
    "SplashScreen": {
      "PACKAGE_NAME": "com.appsmobilecompany.base"
    },
    "Push": {
      "ANDROID_SUPPORT_V13_VERSION": "27.+",
      "FCM_VERSION": "17.0.0",
      "PACKAGE_NAME": "com.appsmobilecompany.base"
    },
    "WebView": {
      "PACKAGE_NAME": "com.appsmobilecompany.base"
    },
    "Promises": {
      "PACKAGE_NAME": "com.appsmobilecompany.base"
    },
    "AdmobPro": {
      "PACKAGE_NAME": "com.appsmobilecompany.base"
    },
    "AppVersion": {
      "PACKAGE_NAME": "com.appsmobilecompany.base"
    },
    "BarcodeScanner": {
      "ANDROID_SUPPORT_V4_VERSION": "27.+",
      "PACKAGE_NAME": "com.appsmobilecompany.base"
    },
    "Camera": {
      "PACKAGE_NAME": "com.appsmobilecompany.base"
    },
    "Clipboard": {
      "PACKAGE_NAME": "com.appsmobilecompany.base"
    },
    "Device": {
      "PACKAGE_NAME": "com.appsmobilecompany.base"
    },
    "File": {
      "PACKAGE_NAME": "com.appsmobilecompany.base"
    },
    "Geofence": {
      "PACKAGE_NAME": "com.appsmobilecompany.base"
    },
    "Geolocation": {
      "PACKAGE_NAME": "com.appsmobilecompany.base"
    },
    "InAppBrowser": {
      "PACKAGE_NAME": "com.appsmobilecompany.base"
    },
    "Keyboard": {
      "PACKAGE_NAME": "com.appsmobilecompany.base"
    },
    "SocialSharing": {
      "PACKAGE_NAME": "com.appsmobilecompany.base"
    },
    "StatusBar": {
      "PACKAGE_NAME": "com.appsmobilecompany.base"
    },
    "WhiteList": {
      "PACKAGE_NAME": "com.appsmobilecompany.base"
    },
    "LocalNotification": {
      "PACKAGE_NAME": "com.appsmobilecompany.base"
    },
    "OfflineMode": {
      "PACKAGE_NAME": "com.appsmobilecompany.base"
    },
    "Insomnia": {
      "PACKAGE_NAME": "com.appsmobilecompany.base"
    },
    "MusicControls": {
      "PACKAGE_NAME": "com.appsmobilecompany.base"
    },
    "Siberian": {
      "PACKAGE_NAME": "com.appsmobilecompany.base"
    }
  },
  "dependent_plugins": {},
  "modules": [
    {
      "id": "Chcp.chcp",
      "file": "plugins/Chcp/www/chcp.js",
      "pluginId": "Chcp",
      "clobbers": [
        "chcp"
      ]
    },
    {
      "id": "SplashScreen.SplashScreen",
      "file": "plugins/SplashScreen/www/splashscreen.js",
      "pluginId": "SplashScreen",
      "clobbers": [
        "navigator.splashscreen"
      ]
    },
    {
      "id": "Push.PushNotification",
      "file": "plugins/Push/www/push.js",
      "pluginId": "Push",
      "clobbers": [
        "PushNotification"
      ]
    },
    {
      "id": "WebView.webview",
      "file": "plugins/WebView/www/webViewPlugin.js",
      "pluginId": "WebView",
      "clobbers": [
        "window.webview"
      ]
    },
    {
      "id": "Promises.Promise",
      "file": "plugins/Promises/www/promise.js",
      "pluginId": "Promises",
      "runs": true
    },
    {
      "id": "AdmobPro.AdMob",
      "file": "plugins/AdmobPro/www/AdMob.js",
      "pluginId": "AdmobPro",
      "clobbers": [
        "window.AdMob"
      ]
    },
    {
      "id": "AppVersion.AppVersionPlugin",
      "file": "plugins/AppVersion/www/AppVersionPlugin.js",
      "pluginId": "AppVersion",
      "clobbers": [
        "cordova.getAppVersion"
      ]
    },
    {
      "id": "BarcodeScanner.BarcodeScanner",
      "file": "plugins/BarcodeScanner/www/barcodescanner.js",
      "pluginId": "BarcodeScanner",
      "clobbers": [
        "cordova.plugins.barcodeScanner"
      ]
    },
    {
      "id": "Camera.Camera",
      "file": "plugins/Camera/www/CameraConstants.js",
      "pluginId": "Camera",
      "clobbers": [
        "Camera"
      ]
    },
    {
      "id": "Camera.CameraPopoverOptions",
      "file": "plugins/Camera/www/CameraPopoverOptions.js",
      "pluginId": "Camera",
      "clobbers": [
        "CameraPopoverOptions"
      ]
    },
    {
      "id": "Camera.camera",
      "file": "plugins/Camera/www/Camera.js",
      "pluginId": "Camera",
      "clobbers": [
        "navigator.camera"
      ]
    },
    {
      "id": "Camera.CameraPopoverHandle",
      "file": "plugins/Camera/www/CameraPopoverHandle.js",
      "pluginId": "Camera",
      "clobbers": [
        "CameraPopoverHandle"
      ]
    },
    {
      "id": "Clipboard.Clipboard",
      "file": "plugins/Clipboard/www/clipboard.js",
      "pluginId": "Clipboard",
      "clobbers": [
        "cordova.plugins.clipboard"
      ]
    },
    {
      "id": "Device.device",
      "file": "plugins/Device/www/device.js",
      "pluginId": "Device",
      "clobbers": [
        "device"
      ]
    },
    {
      "id": "File.DirectoryEntry",
      "file": "plugins/File/www/DirectoryEntry.js",
      "pluginId": "File",
      "clobbers": [
        "window.DirectoryEntry"
      ]
    },
    {
      "id": "File.DirectoryReader",
      "file": "plugins/File/www/DirectoryReader.js",
      "pluginId": "File",
      "clobbers": [
        "window.DirectoryReader"
      ]
    },
    {
      "id": "File.Entry",
      "file": "plugins/File/www/Entry.js",
      "pluginId": "File",
      "clobbers": [
        "window.Entry"
      ]
    },
    {
      "id": "File.File",
      "file": "plugins/File/www/File.js",
      "pluginId": "File",
      "clobbers": [
        "window.File"
      ]
    },
    {
      "id": "File.FileEntry",
      "file": "plugins/File/www/FileEntry.js",
      "pluginId": "File",
      "clobbers": [
        "window.FileEntry"
      ]
    },
    {
      "id": "File.FileError",
      "file": "plugins/File/www/FileError.js",
      "pluginId": "File",
      "clobbers": [
        "window.FileError"
      ]
    },
    {
      "id": "File.FileReader",
      "file": "plugins/File/www/FileReader.js",
      "pluginId": "File",
      "clobbers": [
        "window.FileReader"
      ]
    },
    {
      "id": "File.FileSystem",
      "file": "plugins/File/www/FileSystem.js",
      "pluginId": "File",
      "clobbers": [
        "window.FileSystem"
      ]
    },
    {
      "id": "File.FileUploadOptions",
      "file": "plugins/File/www/FileUploadOptions.js",
      "pluginId": "File",
      "clobbers": [
        "window.FileUploadOptions"
      ]
    },
    {
      "id": "File.FileUploadResult",
      "file": "plugins/File/www/FileUploadResult.js",
      "pluginId": "File",
      "clobbers": [
        "window.FileUploadResult"
      ]
    },
    {
      "id": "File.FileWriter",
      "file": "plugins/File/www/FileWriter.js",
      "pluginId": "File",
      "clobbers": [
        "window.FileWriter"
      ]
    },
    {
      "id": "File.Flags",
      "file": "plugins/File/www/Flags.js",
      "pluginId": "File",
      "clobbers": [
        "window.Flags"
      ]
    },
    {
      "id": "File.LocalFileSystem",
      "file": "plugins/File/www/LocalFileSystem.js",
      "pluginId": "File",
      "clobbers": [
        "window.LocalFileSystem"
      ],
      "merges": [
        "window"
      ]
    },
    {
      "id": "File.Metadata",
      "file": "plugins/File/www/Metadata.js",
      "pluginId": "File",
      "clobbers": [
        "window.Metadata"
      ]
    },
    {
      "id": "File.ProgressEvent",
      "file": "plugins/File/www/ProgressEvent.js",
      "pluginId": "File",
      "clobbers": [
        "window.ProgressEvent"
      ]
    },
    {
      "id": "File.fileSystems",
      "file": "plugins/File/www/fileSystems.js",
      "pluginId": "File"
    },
    {
      "id": "File.requestFileSystem",
      "file": "plugins/File/www/requestFileSystem.js",
      "pluginId": "File",
      "clobbers": [
        "window.requestFileSystem"
      ]
    },
    {
      "id": "File.resolveLocalFileSystemURI",
      "file": "plugins/File/www/resolveLocalFileSystemURI.js",
      "pluginId": "File",
      "merges": [
        "window"
      ]
    },
    {
      "id": "File.isChrome",
      "file": "plugins/File/www/browser/isChrome.js",
      "pluginId": "File",
      "runs": true
    },
    {
      "id": "File.androidFileSystem",
      "file": "plugins/File/www/android/FileSystem.js",
      "pluginId": "File",
      "merges": [
        "FileSystem"
      ]
    },
    {
      "id": "File.fileSystems-roots",
      "file": "plugins/File/www/fileSystems-roots.js",
      "pluginId": "File",
      "runs": true
    },
    {
      "id": "File.fileSystemPaths",
      "file": "plugins/File/www/fileSystemPaths.js",
      "pluginId": "File",
      "merges": [
        "cordova"
      ],
      "runs": true
    },
    {
      "id": "Geofence.TransitionType",
      "file": "plugins/Geofence/www/TransitionType.js",
      "pluginId": "Geofence",
      "clobbers": [
        "TransitionType"
      ]
    },
    {
      "id": "Geofence.geofence",
      "file": "plugins/Geofence/www/geofence.js",
      "pluginId": "Geofence",
      "clobbers": [
        "geofence"
      ]
    },
    {
      "id": "Geolocation.geolocation",
      "file": "plugins/Geolocation/www/android/geolocation.js",
      "pluginId": "Geolocation",
      "clobbers": [
        "navigator.geolocation"
      ]
    },
    {
      "id": "Geolocation.PositionError",
      "file": "plugins/Geolocation/www/PositionError.js",
      "pluginId": "Geolocation",
      "runs": true
    },
    {
      "id": "InAppBrowser.inappbrowser",
      "file": "plugins/InAppBrowser/www/inappbrowser.js",
      "pluginId": "InAppBrowser",
      "clobbers": [
        "cordova.InAppBrowser.open",
        "window.open"
      ]
    },
    {
      "id": "Keyboard.keyboard",
      "file": "plugins/Keyboard/www/android/keyboard.js",
      "pluginId": "Keyboard",
      "clobbers": [
        "cordova.plugins.Keyboard"
      ]
    },
    {
      "id": "SocialSharing.SocialSharing",
      "file": "plugins/SocialSharing/www/SocialSharing.js",
      "pluginId": "SocialSharing",
      "clobbers": [
        "window.plugins.socialsharing"
      ]
    },
    {
      "id": "StatusBar.statusbar",
      "file": "plugins/StatusBar/www/statusbar.js",
      "pluginId": "StatusBar",
      "clobbers": [
        "window.StatusBar"
      ]
    },
    {
      "id": "WhiteList.whitelist",
      "file": "plugins/WhiteList/whitelist.js",
      "pluginId": "WhiteList",
      "runs": true
    },
    {
      "id": "LocalNotification.LocalNotification",
      "file": "plugins/LocalNotification/www/local-notification.js",
      "pluginId": "LocalNotification",
      "clobbers": [
        "cordova.plugins.notification.local",
        "plugin.notification.local"
      ]
    },
    {
      "id": "LocalNotification.LocalNotification.Core",
      "file": "plugins/LocalNotification/www/local-notification-core.js",
      "pluginId": "LocalNotification",
      "clobbers": [
        "cordova.plugins.notification.local.core",
        "plugin.notification.local.core"
      ]
    },
    {
      "id": "LocalNotification.LocalNotification.Util",
      "file": "plugins/LocalNotification/www/local-notification-util.js",
      "pluginId": "LocalNotification",
      "merges": [
        "cordova.plugins.notification.local.core",
        "plugin.notification.local.core"
      ]
    },
    {
      "id": "OfflineMode.OfflineMode",
      "file": "plugins/OfflineMode/www/OfflineMode.js",
      "pluginId": "OfflineMode",
      "clobbers": [
        "window.OfflineMode"
      ]
    },
    {
      "id": "Insomnia.Insomnia",
      "file": "plugins/Insomnia/www/Insomnia.js",
      "pluginId": "Insomnia",
      "clobbers": [
        "window.plugins.insomnia"
      ]
    },
    {
      "id": "MusicControls.MusicControls",
      "file": "plugins/MusicControls/www/MusicControls.js",
      "pluginId": "MusicControls",
      "clobbers": [
        "MusicControls"
      ]
    }
  ],
  "plugin_metadata": {
    "Extension": "1.5.4",
    "Chcp": "1.5.2",
    "SplashScreen": "5.0.2",
    "Push": "1.10.0",
    "WebView": "1.0.0",
    "Promises": "4.2.2",
    "AdmobPro": "2.30.1",
    "AppVersion": "0.1.8",
    "BarcodeScanner": "7.1.2",
    "Camera": "4.0.3",
    "Clipboard": "0.1.0",
    "Device": "2.0.2",
    "File": "6.0.1",
    "Geofence": "0.6.0",
    "Geolocation": "4.0.1",
    "InAppBrowser": "3.0.0",
    "Keyboard": "2.2.1",
    "SocialSharing": "5.4.0",
    "StatusBar": "2.4.1",
    "WhiteList": "1.2.1",
    "LocalNotification": "0.8.4.1",
    "OfflineMode": "1.0.0",
    "Insomnia": "4.3.0",
    "MusicControls": "2.1.4",
    "Siberian": "1.0.0"
  }
}