{
    "project_info": {
        "project_number": "198119241211",
        "firebase_url": "https://christapp-6d0f9.firebaseio.com",
        "project_id": "christapp-6d0f9",
        "storage_bucket": "christapp-6d0f9.appspot.com"
    },
    "client": [
        {
            "client_info": {
                "mobilesdk_app_id": "1:198119241211:android:8cf37045d693f389",
                "android_client_info": {
                    "package_name": "net.jvmhost.apps4christ.anatothe.androidoverview"
                }
            },
            "oauth_client": [
                {
                    "client_id": "198119241211-gn101hn7acp5t055hsbe547n3prs5ov0.apps.googleusercontent.com",
                    "client_type": 3
                }
            ],
            "api_key": [
                {
                    "current_key": "AIzaSyCZfdQJBzDJJwFYYUyPVQ5RQ4l2oOwQBfg"
                }
            ],
            "services": {
                "analytics_service": {
                    "status": 1
                },
                "appinvite_service": {
                    "status": 1,
                    "other_platform_oauth_client": []
                },
                "ads_service": {
                    "status": 2
                }
            }
        }
    ],
    "configuration_version": "1"
}